intervention_group,outcome_cvd_rate,adverse_events,adherence_pct
control,0.33652981720107883,0.06892418339826191,60.83068624513036
treatment a,0.319482083709726,0.18909966877446552,60.47425474254742
treatment b,0.3336325553560742,0.17863554757630162,61.14901256732495
